player_id,Season,y_true,pred_linear,pred_ridge,pred_rf,pred_xgb,test_season
0,2016,0.3786603339928831,0.41523830301433695,0.4147125049642428,0.39741293590650273,0.4334751,2016
2,2016,0.8479085705958137,0.6478516476982001,0.6486403717690916,0.5771240285824861,0.5550142,2016
4,2016,0.7033114910107756,0.8162852775073248,0.8157810124901381,0.698535183656942,0.61572003,2016
17,2016,0.8921471478332395,1.114827293455535,1.1146833012281456,1.253649769547228,1.1844133,2016
38,2016,1.2509627260744465,1.1435274690320107,1.1444273833208343,1.346782784333493,1.254065,2016
44,2016,0.7904846928691498,0.8660898525759183,0.8662278303210773,0.8272728256622998,0.7846039,2016
47,2016,1.5118341019404389,1.4041714714454328,1.4026096839650757,1.504264841694051,1.3107505,2016
50,2016,0.7214729902306014,0.8831716236149478,0.8849223466097572,0.8355179694769294,0.8060935,2016
51,2016,0.5776897132945132,0.8699631123700478,0.8687595926680619,0.7529668081382732,0.8174978,2016
55,2016,0.6654734187530932,0.8078773575559757,0.8084748038600273,0.7381548486477568,0.7136295,2016
64,2016,0.8397079084845326,0.8510747030628469,0.8525898506103159,1.0192715887830663,1.0014415,2016
66,2016,0.6661783252650489,0.6571790531801418,0.6567815696558397,0.6418790797788863,0.64884895,2016
86,2016,0.8155273541347389,0.9529971049560025,0.9528515814493939,1.0715630101153508,1.0483246,2016
94,2016,1.0642223752549316,1.0097469643949257,1.0097395436636343,1.0426275509311,1.0870878,2016
96,2016,0.4479403266016711,0.33934214597104106,0.33870773629895046,0.40629003113242834,0.46545112,2016
97,2016,0.7946601476160204,0.9885482409716081,0.9882415929220216,0.8389467670997768,0.9410057,2016
100,2016,1.2298879446652746,0.9695649476849573,0.9690284538154652,0.8990374009026277,0.93446994,2016
109,2016,0.9302943335507324,0.965653000998805,0.9659260891986635,1.163474284794404,1.0280273,2016
125,2016,0.8290002502439904,0.8575893285574352,0.8574643805355713,0.8324275105575115,0.8846345,2016
126,2016,1.0342024831098895,0.9019352906226077,0.9015646050810294,0.8106540608591412,0.9586051,2016
135,2016,0.4493463155535264,0.6421472112015654,0.6416901947956232,0.6768462689803052,0.6564076,2016
144,2016,1.1275591415673878,0.9275218281533744,0.9296644384008326,0.9245203921779093,1.0450847,2016
145,2016,1.0000374039641096,1.1613590942826664,1.1606855783439345,1.2870292334676148,1.3610162,2016
149,2016,0.4823742747524304,0.8381496476478586,0.8380221114477562,0.7354965655019928,0.7254701,2016
158,2016,0.4391861595533063,0.7592542827233318,0.7582317154640648,0.7244589171842912,0.7427116,2016
168,2016,0.4781956234033696,0.7056045378286586,0.7054530787812103,0.646709541127707,0.65393305,2016
171,2016,0.4700028514129256,0.3682414624204445,0.3683971813531937,0.436943780092392,0.503661,2016
182,2016,1.5242446749573972,1.4380845422300252,1.4356520814901885,1.3401124816560033,1.3503917,2016
201,2016,0.3700456243275623,0.42244406525102335,0.4229202540384496,0.4058195577891715,0.3829878,2016
202,2016,0.6282528686646744,0.6487023171427696,0.6489102592521688,0.5654864081300146,0.5125094,2016
204,2016,0.6807913646610864,0.9848174662223648,0.9844388526362632,0.8807814586603941,0.887961,2016
206,2016,1.29789768563738,1.0791269073800247,1.0794181684345205,1.0757300956006792,1.1043774,2016
211,2016,0.8600994855335733,0.9519568769597486,0.9517724424326686,1.0058001771461105,1.1096282,2016
215,2016,1.011168057727513,0.7093979792736891,0.7096196713286231,0.7600417803322636,0.6367744,2016
217,2016,0.5718105493626691,0.8260740167467246,0.8252991543583356,0.7327024367420477,0.7147681,2016
221,2016,1.172874221404406,1.0292248019520103,1.0278650482970444,0.9400726274732866,0.8892183,2016
222,2016,0.8554207266941685,0.7829576817053956,0.7829855020006611,0.7156947579562256,0.7632624,2016
226,2016,1.050211270540066,0.8082200596514859,0.8088792034290411,0.7198311533098679,0.7159298,2016
241,2016,0.6975142639398338,0.6763992884461149,0.6763683284128594,0.6425750860228955,0.5142972,2016
249,2016,0.8304847977756868,0.942728862154492,0.9438968518825076,0.960572016373707,0.88794005,2016
251,2016,0.4816147538875605,0.27243079100233625,0.27297631425060287,0.3864110182620347,0.34723392,2016
252,2016,0.866944480982188,0.9446650597363392,0.9440187172305513,0.9636185000479935,1.0837401,2016
254,2016,0.5542385927587059,0.6369979488888342,0.6369034185966855,0.5862962353079632,0.62725395,2016
256,2016,0.4802907322398796,0.712593349102131,0.711794973114192,0.6387025916725401,0.6630258,2016
257,2016,0.7736258010455166,0.6373200789657756,0.6373550287608554,0.5366038850797833,0.5182666,2016
262,2016,0.5697294335010075,1.0230026065755404,1.022763289423171,0.9607082796418257,0.88300383,2016
263,2016,0.9406851420329062,0.9971449214420536,0.9959919169416365,0.9133096986123506,0.88505185,2016
265,2016,1.0765364126897343,0.9952427927017178,0.9957946324202176,1.012661972599867,1.0044689,2016
268,2016,1.093281446860534,0.7257224097765445,0.7267323052688837,0.7649381735696762,0.81133693,2016
269,2016,0.5699715983709562,0.7961178350017074,0.7957593447765455,0.7233153900554732,0.70546347,2016
270,2016,1.200990977624615,1.2136475181576045,1.2148160207094205,1.2411103685634457,1.2138811,2016
271,2016,0.9579248595230886,0.9251988549916761,0.9248504642976905,0.8875294442413508,0.85724103,2016
272,2016,0.6099637108048975,0.671162737557129,0.6702940882878008,0.5950941764565845,0.5840393,2016
273,2016,0.544758893615019,0.5096003178057895,0.5099661621436465,0.4800264426548886,0.48541942,2016
282,2016,1.6995298686071696,1.4373899497786435,1.43509264341892,1.3405952545088702,1.2795999,2016
284,2016,1.44233453508746,1.0347271520861039,1.0357025313744637,1.0497621978621607,0.997154,2016
291,2016,0.4497058364124453,0.45488789296601106,0.45468138511034906,0.41345724659557037,0.41152033,2016
299,2016,0.3882686730343353,0.5218673780980216,0.5221599080146062,0.4487296055479777,0.43148264,2016
301,2016,0.4181181976004147,0.20631263646884923,0.20594319962657992,0.38460819998481593,0.44131148,2016
302,2016,0.4993555939456892,0.8327223157128048,0.8321886483987251,0.9000329771315277,0.88329196,2016
303,2016,0.7031636758887825,0.4435114868651162,0.4432185438531054,0.47063961654537556,0.38762262,2016
305,2016,0.4152013177634103,0.2988621565578,0.29836621484229353,0.38527418531880664,0.43769014,2016
307,2016,0.4357908738403425,0.4439533997746651,0.44478221553583086,0.4107450674918467,0.39973575,2016
314,2016,0.6815720825967372,0.7845902056291139,0.7847205354857681,0.7394584768833331,0.71261466,2016
315,2016,0.5138819258204088,0.496037612149832,0.4960783935613529,0.48055095295034533,0.4426665,2016
317,2016,0.4610502776686435,0.4635364378394622,0.46271046811377825,0.44081208260306964,0.44011626,2016
319,2016,0.479900829833274,0.5483450085554677,0.5482710781997049,0.5465303734944181,0.57290345,2016
324,2016,0.5717108719608602,1.070134743887187,1.0690015777129898,0.996207016824056,0.9067391,2016
325,2016,0.7180689555713563,1.112512320290428,1.1117966433456692,1.1091353892818006,1.0180091,2016
326,2016,0.7896656612072311,0.7329951376532988,0.7331031031778638,0.7349047055301592,0.7301983,2016
331,2016,1.2443535175109557,1.068357574977992,1.0680279660466463,1.182926725555858,1.045681,2016
336,2016,1.069518163756167,1.0958456864231068,1.0972647157482789,1.261712633524765,1.1256305,2016
343,2016,1.3415501706105717,1.1098636086699936,1.1079625344777635,1.2372277220583037,1.2087826,2016
347,2016,0.5199106575673246,0.6115923541164268,0.6114211181151711,0.6388725044836026,0.5651651,2016
349,2016,0.3722184941049661,0.26894725829624155,0.26885838275038765,0.36856930497113405,0.387556,2016
350,2016,0.8902993533064791,0.868303116407044,0.8681446933547188,0.8068649370026936,0.7679548,2016
351,2016,0.7786303567443554,1.191567428146654,1.191317371191968,1.24619911160774,1.325171,2016
352,2016,1.9921624631180053,1.4237717837843735,1.421479674337831,1.254758945779804,1.1564906,2016
353,2016,0.6052663662268672,0.5830075041207097,0.5830629211087173,0.5622484722362188,0.4887167,2016
355,2016,1.0692937325926266,0.8678300874930457,0.8674805486410586,0.7386647356797181,0.73466027,2016
356,2016,2.0350961573097206,1.448310398092041,1.447106121772288,1.2670627140657904,1.1881751,2016
358,2016,0.684510552392975,0.5392474986312961,0.5398249781889607,0.587805568440745,0.5401458,2016
361,2016,1.948654780877311,1.0806805567920537,1.0833901077812398,1.314745817450195,1.3243734,2016
362,2016,1.85849964916164,0.9846375509876705,0.9853112728513072,1.1290897555931567,1.1177559,2016
364,2016,1.1614056447850725,1.0125867831387794,1.013096086958492,1.084087519996539,0.96054107,2016
366,2016,0.5191253435024172,0.46241390206411886,0.46239984535979944,0.4861910349399804,0.47232863,2016
367,2016,0.707112044438978,0.7211445316694847,0.7207142510835669,0.5988504721587221,0.61362594,2016
371,2016,0.920192593167421,1.2174511586390104,1.2153231301379994,1.196773300174357,1.1372128,2016
381,2016,1.787435109245627,1.3567695725510518,1.3555533880417623,1.4154576904905973,1.3947831,2016
383,2016,0.9999542993190088,1.0728632272802388,1.0729270133477182,1.1055525312734942,1.0709661,2016
401,2016,0.5200211848024732,0.8286613541028025,0.8288738655284175,0.844284468683313,0.70380896,2016
402,2016,0.7528586097227686,0.955512284086425,0.9551106042628347,0.8771145355980011,0.7896765,2016
404,2016,0.7364046052997918,1.1286600875946489,1.127470692324903,1.1475033438063744,1.2990332,2016
405,2016,0.608006786372996,0.7695776543618934,0.7695471971745742,0.7734704041647241,0.83138764,2016
406,2016,0.634661803056846,0.7376830090744368,0.7379764951605974,0.7145579642723245,0.6691681,2016
407,2016,2.043238385468801,0.9423476812742325,0.9420203490819684,0.8901749887487149,0.85060877,2016
408,2016,0.8859971011135219,1.1018465928620265,1.1052922840142902,1.3181201440243857,1.2251366,2016
409,2016,1.2912099968198678,0.8768705098927476,0.8781255046864088,0.9416091412963641,0.76639366,2016
410,2016,0.748185378578096,1.1538984787020714,1.1532325349409671,1.1155441910753348,1.0202618,2016
411,2016,0.8974867459575977,1.0423499498453417,1.0412143951818287,1.0944726245482026,0.99512315,2016
413,2016,0.7284535923527518,1.0166075767919653,1.0150367687452377,1.1299072180851224,1.1084771,2016
419,2016,0.6404899010136613,0.785843488768724,0.786510848893631,0.7662211593409086,0.70893925,2016
423,2016,0.8065975377257026,0.780590538347077,0.7808359059353253,0.7223945613114852,0.74852693,2016
426,2016,0.9995232510878684,1.224188149108737,1.2241506385515901,1.2165672215155086,1.1336589,2016
433,2016,0.6231552299860903,0.6273981796343951,0.6276012661840972,0.6809682156390547,0.6896316,2016
434,2016,0.5106299732952763,0.5578141502681339,0.5582350512194277,0.5859208437273355,0.5311101,2016
436,2016,1.077565222720842,0.7621822885274339,0.7635379487041929,0.832514339632251,0.87369734,2016
444,2016,2.286873994669929,1.2074648960556569,1.206778194762869,1.0960591173907959,1.0890863,2016
676,2016,0.5821131495168681,0.6671605076211402,0.6685156029113214,0.7169033816684134,0.70013124,2016
677,2016,0.7090055642720876,1.0455459621061856,1.045532752961111,1.206706822279102,1.1587669,2016
678,2016,0.4643253413093539,0.37284126293305797,0.37331238551815066,0.4260996618550522,0.40826622,2016
681,2016,0.4007499981732995,0.2945993464327098,0.29498647511808407,0.38874203129460577,0.39758867,2016
682,2016,0.5480518028559381,0.6631293742441311,0.6627640307030724,0.5228700881154799,0.59589857,2016
684,2016,1.4610502042704434,1.3205047827451821,1.3194327132531767,1.367638919845023,1.2852184,2016
685,2016,0.5520360481074315,0.6363094933424797,0.636657101144342,0.705388158442049,0.64595443,2016
687,2016,0.5623856258315567,0.894582487909287,0.8940374288318459,0.839333292321403,0.80727416,2016
689,2016,1.0237660147724683,1.216466988584515,1.215192690838476,1.2320972540710944,1.3236647,2016
690,2016,1.0980943752031775,0.8384003466283002,0.8389050377389577,0.9219476055790293,0.8913546,2016
692,2016,0.9662709697393816,1.0163609847233086,1.0171615505558471,1.1273326756233382,1.2563983,2016
695,2016,0.403973787412125,0.537563740828187,0.5376068231764535,0.5107804458467363,0.4972488,2016
707,2016,0.5942786982658523,0.8624778182426116,0.8648824604802653,0.9119699644899678,0.948688,2016
709,2016,0.8569871304564696,0.6785556067078924,0.6787031453011523,0.6302459807392224,0.6383193,2016
710,2016,0.641120142240282,0.7209189831716448,0.7207393911127908,0.6740909404052364,0.5925249,2016
715,2016,0.5780081550920457,0.6552331414835648,0.6557913602376664,0.6869778858393119,0.63704175,2016
724,2016,1.0853532575071876,1.2672257701322671,1.2660781713610083,1.5395104288371864,1.8249495,2016
733,2016,0.5731877102054773,0.6571140972203756,0.6579883523691099,0.68926591615154,0.68290114,2016
734,2016,0.6868063168676094,0.7001345774003709,0.7007776246510644,0.7025802827932074,0.5819633,2016
736,2016,0.9790580024132804,1.3270154539454488,1.3252682649147962,1.2053913691078233,1.2743051,2016
738,2016,0.8711047149787655,0.8087843769238428,0.8087561607022358,0.7284209495984026,0.75897074,2016
739,2016,0.7778706141083785,0.663452666869322,0.6638986922612172,0.7065287982491437,0.73190206,2016
741,2016,0.538811002606341,0.4363280105667435,0.43662289096709894,0.4216471170043389,0.41044566,2016
742,2016,1.151229453413303,0.9872329294748754,0.9870252646673341,0.997730862200622,1.0636644,2016
743,2016,0.7019250907461155,0.9805959840337355,0.9807076957012344,0.9237442398378871,0.8433017,2016
744,2016,0.7665930769831373,0.7869399082891414,0.787803565191744,0.787307043443566,0.6724119,2016
746,2016,0.4741228132229585,0.4861677735916133,0.48698461416140937,0.5405376626349443,0.47623864,2016
748,2016,0.4245860503411002,0.3951215196028229,0.3952231628154198,0.4200483660112069,0.3729136,2016
751,2016,0.8085611038622785,0.7263038482224059,0.7267632022309153,0.7559733654320462,0.7612844,2016
752,2016,1.45464473230916,0.9476551580168272,0.9482186170107295,1.018832734659022,0.9181853,2016
753,2016,1.055937022617157,0.8035619244987204,0.8042876153537185,0.7708653066539932,0.79355454,2016
755,2016,0.6399337812797462,0.6258163137263706,0.6263703204703923,0.7080457867511573,0.70185065,2016
758,2016,1.1436414094142364,1.0321527461863027,1.0319972050952464,1.2120854731677422,1.2674851,2016
761,2016,0.8312718009223815,0.7462451651359513,0.7464057222876195,0.7809105189339385,0.80421203,2016
762,2016,0.9119757000377592,0.720103524211922,0.7211250292127436,0.7923040626605893,0.86507523,2016
774,2016,1.0904146857859516,0.9189593996305507,0.9208080797953899,0.9953159999929513,0.9403232,2016
779,2016,0.8201402070429322,0.8763492117241417,0.8765958967070682,0.9693395996546202,0.9179699,2016
781,2016,1.086794278776176,1.1473219366023268,1.147077947684346,1.1594391676747495,1.2517841,2016
783,2016,0.6472996966618084,0.4993668294445208,0.5003577689744896,0.543869478078567,0.5502977,2016
786,2016,0.8565533738195343,0.7478929318036188,0.7478077847011402,0.7099250622826186,0.671145,2016
788,2016,0.6529284253517482,0.6940017091146615,0.6933090788615563,0.6914670684707689,0.6979822,2016
789,2016,0.5552818251920972,0.7683981669181437,0.7686372600964965,0.7381631967808777,0.6563228,2016
791,2016,1.4876535160176476,1.5541007929494381,1.5537605374049839,1.5616935290368272,1.6012843,2016
792,2016,0.4620491584032755,0.5618228537251815,0.5612957805457386,0.628792710693502,0.60294795,2016
793,2016,0.6737980529246568,0.7894186789449097,0.7893098278549726,0.7416643906590471,0.75777423,2016
794,2016,0.595980365687117,0.9764682107865208,0.9757499665089346,1.0581981241743255,0.9724569,2016
796,2016,0.5176516923923983,0.6465033867928939,0.6485910749395256,0.6139944295059859,0.5783753,2016
798,2016,1.0220427195302948,1.336428588436226,1.33580879026852,1.4090265720681794,1.4189442,2016
801,2016,0.4918613785107764,0.45101051951868226,0.452626458005588,0.5342334542507793,0.41749185,2016
805,2016,0.6819330552843265,0.7625912834175487,0.7627877674501508,0.7997289494943377,0.7782676,2016
807,2016,1.107259342346749,0.9095227629675455,0.9096223782843164,0.848762458191748,0.84241396,2016
812,2016,1.0245768905295678,1.1327035038657187,1.1331987251264133,1.15355486121045,1.404038,2016
815,2016,0.5986448932228152,0.8635653419357837,0.8635290029117785,0.8649385666919481,0.93267405,2016
819,2016,0.3862491650868128,0.6155471346214247,0.6169685211940176,0.6884436958871109,0.61463314,2016
820,2016,0.8290224018155521,0.9273354263249384,0.9284984306123376,0.9225300563818005,0.8185637,2016
822,2016,0.6137281323748244,0.47792363001600596,0.4781858743300829,0.5523061770547183,0.6372904,2016
826,2016,0.9290628527863178,1.0159965391940755,1.016763448079689,1.0598506517832291,1.0637016,2016
827,2016,0.6754447854774679,0.6609634226057122,0.6611484054733954,0.7110186593387119,0.77685696,2016
836,2016,0.7020338539040277,0.46927400788654017,0.47086176384989753,0.5098067009233245,0.52382314,2016
837,2016,0.6574816737673764,0.5268297691239705,0.5270526842899473,0.6086158857823347,0.5953753,2016
839,2016,0.7136743452205146,0.7520164856095067,0.7517811408745538,0.7368561018836475,0.6270336,2016
840,2016,0.9001757386714313,1.2816423213790302,1.2796404502463918,1.183579799105894,1.2309525,2016
841,2016,0.8136830504448934,0.9000117426452184,0.8991573702946508,0.8237015997491074,1.0252196,2016
842,2016,0.8887855204776107,0.643928784385739,0.6453298639229933,0.7129853469418603,0.60653186,2016
843,2016,1.104302935954065,1.2137238708324705,1.2137317959223632,1.1422883377419972,1.02928,2016
844,2016,0.7494262110143367,0.7568834537247482,0.7575680471025559,0.7784400590450585,0.83561146,2016
846,2016,1.0252395178860894,0.8015844588154766,0.8017756184238546,0.7990404438186072,0.7205225,2016
847,2016,0.9055592422237236,1.1698332943868661,1.1692299754615298,1.121013396995544,1.0664574,2016
848,2016,0.4328518360510943,0.4492567081572509,0.4503596548858379,0.5552791710139098,0.5076732,2016
850,2016,0.7965907601263009,1.0105111489122887,1.0101304507166748,1.019380690357294,0.8921986,2016
851,2016,0.7616016245429136,1.0261482487764177,1.0253367463135792,1.0189736735545953,0.8800773,2016
853,2016,1.1494842783173085,1.0200007931320538,1.0193570856236605,1.0218942630552776,0.9699084,2016
854,2016,0.5282348183623536,0.7253222551615535,0.7262140108455059,0.7846689619284005,0.8213586,2016
857,2016,0.8574483277101351,1.0801834927293246,1.0798606699324786,0.9623003525748722,0.6679308,2016
858,2016,0.6924643263715822,1.0875625012897343,1.0868419812610348,1.0622611736023284,0.95980805,2016
859,2016,0.5958799531819722,0.5150027740064347,0.5174468648729685,0.6522628833583604,0.69230896,2016
861,2016,0.980879330808953,1.0286054605082307,1.027474718795422,0.9983769069822671,1.0004752,2016
866,2016,0.6137158371312197,0.6665867566187265,0.667024477622799,0.7301999184997698,0.85273385,2016
871,2016,0.7135877534168155,0.8008042650858005,0.8010349284263334,0.7827470919735108,0.86181164,2016
873,2016,0.7305465675825265,0.7214615758407089,0.7213968531055114,0.7360121629647706,0.7455535,2016
876,2016,0.608038296971744,0.6098840114653818,0.6107181726633493,0.6886184261669687,0.6438985,2016
877,2016,1.096762912492954,0.8588479093399355,0.8583670014379293,0.7461310872857131,0.85786957,2016
880,2016,0.3999357348567847,0.2548530812061496,0.25596977345604377,0.40136872641303833,0.33282295,2016
882,2016,0.6757043790954235,0.7515117363233768,0.7520386253324199,0.7192472106017062,0.83811146,2016
883,2016,1.2738905061335828,1.0509692530777384,1.052229692532358,1.276994214471379,1.1771979,2016
884,2016,0.9297702860157554,1.0806970607896618,1.0809550574955629,1.08989079035279,0.96611905,2016
886,2016,2.1469573844176217,1.4224909353279642,1.421778759511656,1.334478475739632,1.3740588,2016
888,2016,0.4489153593737736,0.3475651436664181,0.3478168545174253,0.39831500352563415,0.38715515,2016
890,2016,0.4897767317878261,0.5470812585590585,0.5477083559484043,0.6912472432312248,0.59770197,2016
892,2016,0.8671459638362704,0.8411677391516438,0.8407777629414571,0.7266989388647758,0.7196904,2016
893,2016,0.7348056609183843,0.7421057330955818,0.7426680591984564,0.7092832721716685,0.72017217,2016
895,2016,0.8729925220410042,1.0612883474712782,1.0604947027458147,1.101817442877762,1.0877963,2016
898,2016,0.5746175306201293,0.6687746624100314,0.6688691737400699,0.5825704765098803,0.64852935,2016
902,2016,0.9524476464362592,1.2049528434788797,1.2041997961035757,1.2110765762388374,1.2727088,2016
903,2016,0.439990889621771,0.5039731346152538,0.5034016538388044,0.44273323993143304,0.5272673,2016
908,2016,0.6092550578821495,0.7287208109589771,0.729067539024474,0.6849437932240596,0.63256264,2016
909,2016,0.4376553225298938,0.43678915065957385,0.43760320685251863,0.4208544567678849,0.39900416,2016
910,2016,0.6378423125565953,0.7814979790949649,0.7807659134360582,0.72144713521937,0.684402,2016
913,2016,0.6600057316899155,0.7511480281150343,0.7516082303730736,0.6967797745582817,0.62685305,2016
921,2016,0.9033553333364714,0.8851175578856634,0.8870142446503299,0.9799794929366541,1.0022614,2016
931,2016,1.811698423467452,1.3615211953497033,1.35954804091204,1.2384518536790163,1.2241638,2016
932,2016,0.5893495681795891,0.7280912390343676,0.7279267917033919,0.6121947281631867,0.6459972,2016
0,2017,0.3432906082748669,0.40143649365755063,0.401014906704593,0.4102691992430134,0.528983,2017
4,2017,0.5456878192102026,0.890439658261169,0.8902195257861093,0.7145877453082915,0.6893999,2017
38,2017,1.1323642959157256,1.1773469991159744,1.1779796057067293,1.088955923544672,1.0024408,2017
44,2017,0.9354996900305816,0.9397979467114246,0.9397243697331756,0.8727227629814661,0.8001033,2017
50,2017,0.7414625534691432,0.8842501188927487,0.884044018547519,0.7591758641550715,0.7393429,2017
51,2017,0.893008367721657,0.7749899862063134,0.774837706716491,0.6956447108777686,0.6476018,2017
55,2017,0.7305900228200957,0.8807322545682572,0.8814230450396637,0.7835107868282811,0.79145044,2017
86,2017,0.7488022272785391,0.9661436665972659,0.9663255797054977,0.9228250113552415,0.99123,2017
94,2017,1.036413603789897,1.0620968819217484,1.0626900326540416,1.1563654223434006,1.1189916,2017
96,2017,0.4807359056020402,0.48626315248789465,0.48541627531002707,0.4270572381457514,0.46063045,2017
109,2017,1.15951739072266,1.0071092596462017,1.0071357249779296,0.9527479992024837,1.0503341,2017
125,2017,1.344680664674244,0.9053090245512698,0.9050508640329237,0.9363988812490924,1.033535,2017
126,2017,1.0677103651615607,1.0559544216306649,1.0562051766383187,1.1038111846477001,1.1055043,2017
135,2017,0.4731717875868648,0.49014413912022886,0.4897232059600805,0.41528694803486854,0.43976256,2017
144,2017,1.0223712388884938,1.0790432608054505,1.0798778927675787,1.099104197589879,1.071014,2017
145,2017,1.5368970112516076,1.1119320163885509,1.112208094355706,1.054542123084777,1.1268008,2017
149,2017,0.6556113100650316,0.6563377402087989,0.6564536947612614,0.493572905671622,0.51864505,2017
155,2017,0.7335275032445894,0.9942590726962982,0.9938687606124951,0.8907731918539262,1.0490644,2017
158,2017,0.4588108329655949,0.5981683263900042,0.5975091767114755,0.490777476567687,0.5247313,2017
168,2017,0.6632125887893016,0.5311677547754403,0.530941301769555,0.555639282286185,0.5238749,2017
171,2017,0.4576606869084474,0.5092291485658237,0.5087619824573759,0.47098172498308893,0.49689835,2017
182,2017,1.20186948120236,1.3670675374613381,1.3660596517217494,1.4363633075634328,1.4310675,2017
201,2017,0.3693163690336967,0.42938195203644147,0.429226054887009,0.4091176243626562,0.4241845,2017
202,2017,0.567342444915195,0.7477249203088085,0.7480759879630222,0.6915304995261623,0.60394514,2017
204,2017,0.6509877330734497,0.8204653111446781,0.8205476655113599,0.7438709724076922,0.85472107,2017
211,2017,0.6785284439039061,0.9594124900149413,0.9596814231860995,0.9082892699771479,0.8295399,2017
217,2017,0.6414046085015304,0.7261833629352863,0.7261097255261844,0.69121966239925,0.69468725,2017
221,2017,1.112312285858001,1.1128936620352397,1.1133391963136674,1.2099069605654513,1.2192695,2017
222,2017,1.1784851805316106,0.9379706119162466,0.938271165630842,0.8743935913565029,0.8512337,2017
241,2017,0.8228296279707803,0.8474297550880393,0.8470836071149702,0.7267082212135094,0.72990805,2017
251,2017,0.5153388247544831,0.4225459872395675,0.42300648952819925,0.4211619499651244,0.42522848,2017
254,2017,0.5519637496679962,0.6524878540046831,0.652731256083688,0.5806664159474013,0.58035,2017
256,2017,0.4398142866066952,0.5667422986928948,0.5668697949315594,0.5320253605831077,0.51548046,2017
257,2017,0.9647127834416304,0.8316704257455729,0.8316863482336464,0.829482256301919,0.8997728,2017
262,2017,0.8590258694843311,0.7201113921512258,0.7210209954141849,0.5814723107590061,0.62044,2017
265,2017,1.0293895138677098,1.0441933584831502,1.0446139780066717,1.0542520186721644,1.0104843,2017
271,2017,0.9228788435575644,1.0029768307374374,1.0029369389810763,0.9753127341097333,0.95551187,2017
272,2017,0.7554822385037625,0.7025002562143654,0.7025524509733464,0.6907319944269227,0.6564088,2017
273,2017,0.7538086330135944,0.7239638574960621,0.7242073555838462,0.6163599767534759,0.70658547,2017
282,2017,1.5010665581549438,1.4717554770418515,1.4699894132758482,1.5056123556243155,1.6599319,2017
299,2017,0.411240204060386,0.5065727834981144,0.5062082746158664,0.4627081960708477,0.4521371,2017
301,2017,0.3377259527142042,0.284891773857915,0.28466021967722577,0.41650706790412656,0.42662024,2017
302,2017,1.0330914737237702,0.53331949636183,0.5334429871444248,0.5910795595382653,0.49615768,2017
303,2017,0.5856247171463641,0.6697518540082048,0.6700412068130407,0.6672200847050869,0.6521743,2017
305,2017,0.3946754984610927,0.3525833178905627,0.35197394121680947,0.41769930383458415,0.49820745,2017
307,2017,0.4319632887740253,0.4538352736253066,0.45359997689810355,0.4106498234175211,0.41418278,2017
314,2017,0.7763380499301702,0.7400424321853697,0.7404000396829143,0.6504656017288729,0.6135435,2017
315,2017,0.3425038461354724,0.512269125578994,0.5125344480427723,0.5297058587501557,0.45905408,2017
317,2017,0.4493696534771804,0.5216015189784464,0.5212702142389166,0.47694331184652666,0.4299444,2017
319,2017,0.4900671290877186,0.5212295592143863,0.5215384542830633,0.5210279331000435,0.42047518,2017
324,2017,0.6473891864642247,0.8646020723107013,0.8641409498270374,0.696298738626465,0.6404331,2017
325,2017,1.001909815567653,0.878260292546267,0.8778300119382583,0.8802377469007759,0.8321772,2017
326,2017,0.670490291459427,0.8493671355973546,0.849386817763648,0.8913409646370173,0.866914,2017
331,2017,1.7783344160737395,1.2180369654910852,1.2171015051995968,1.1998441016373949,1.056698,2017
336,2017,1.007322432584375,1.0644007852040627,1.0645095449468136,1.0824359518594517,1.1564507,2017
343,2017,0.897519179068016,1.2425702432820005,1.2413954541938095,1.20651293246927,1.172434,2017
347,2017,0.6059896694857804,0.655249583529391,0.6550854242447351,0.5685535595683133,0.5326699,2017
350,2017,1.0486839115319506,0.9236739992074934,0.9237686355155024,0.8166567971434546,0.7433585,2017
351,2017,0.8685731902992596,0.8800174485806479,0.8798962899695704,0.860860457066412,0.9051041,2017
355,2017,1.5545205225065652,1.01357174407937,1.0138048819485361,1.0188745326389423,1.1263077,2017
356,2017,1.469349177577129,1.5902473159960957,1.5876304143111581,1.6197910574684853,1.840445,2017
358,2017,0.5215641254118407,0.6692915788683481,0.6699835277657484,0.6825494299181272,0.6225237,2017
361,2017,1.8804397196505864,1.5809520683037672,1.5802508224089014,1.5539348384888236,1.4885489,2017
362,2017,1.9485000612939607,1.440233328505682,1.4398084429332036,1.3855044463730926,1.4026148,2017
366,2017,0.5372572442033373,0.5605430454751265,0.5606727703275952,0.5301623868797045,0.47773984,2017
367,2017,0.7721362317419016,0.8045393776839806,0.8046849350574382,0.7937567933341418,0.7299131,2017
381,2017,1.9060384837362911,1.4875437113952006,1.4860195335603654,1.3713465337114186,1.3360242,2017
383,2017,0.9309805062131636,0.9720123016480735,0.9725917257199732,0.9833291827694169,0.86340666,2017
387,2017,0.9998122832798284,0.8591803856527938,0.8589016289938649,0.7425667601574992,0.74656296,2017
400,2017,0.5068060786422216,0.4598891313832833,0.46006022482606584,0.5621674291702651,0.5980812,2017
401,2017,0.5386050372976188,0.526771742143787,0.5274902380449674,0.5542553474096912,0.53284675,2017
402,2017,0.8119850877415653,0.6961778155501479,0.6965797517626424,0.7444508604160375,0.67400503,2017
404,2017,0.5396089059488908,0.618181522857417,0.6187618271544651,0.6592575277812319,0.680456,2017
405,2017,0.4880841631469649,0.6835828245761922,0.6831922038440549,0.6827010030464453,0.7165634,2017
406,2017,0.5376924668329998,0.5182851850329422,0.5189657042864544,0.6355666438197726,0.6072164,2017
408,2017,1.0006724895836818,0.870466635647834,0.8710353763214288,0.8909242979615412,0.9456488,2017
409,2017,1.469135108728848,1.1075090235351168,1.1069516517363873,0.9883087902511475,1.3189353,2017
410,2017,0.6565061598639218,0.705146956801595,0.7062208521286442,0.7625876767986542,0.71898246,2017
411,2017,0.6712691295320116,0.7933439185119674,0.7936225113889503,0.7389814067033408,0.77784365,2017
418,2017,0.7394082056948403,0.9525163677364776,0.9527748802910383,1.034413152674119,1.0810925,2017
419,2017,0.6787287742208743,0.5932411774264754,0.5931392704081295,0.6133453054930457,0.5877024,2017
426,2017,0.5239446898238033,0.8888458413515067,0.8888570298622526,0.8942929142640458,0.7978055,2017
432,2017,1.2574119192789115,1.170069784426175,1.1699243944469508,1.0928296356739087,1.1152742,2017
434,2017,0.4794383294949063,0.5743342843502515,0.5741765981244081,0.5502193414237228,0.62411606,2017
455,2017,0.7594422312268021,0.6278144813618919,0.6285525358407471,0.7280184853048421,0.6964198,2017
456,2017,0.6646950927803917,0.6616382704458214,0.6615192146200524,0.6981234070410107,0.52356935,2017
457,2017,1.0982592044081416,0.8818053169744056,0.8821457427322983,0.9724227309482883,0.85590935,2017
458,2017,0.4820354120704472,0.5594195594097401,0.5591938852711043,0.5675149827354365,0.5548985,2017
460,2017,0.9486250251933048,0.8531733853195882,0.8531029336438508,0.9078074017324849,0.9375181,2017
461,2017,1.0490437007535618,0.7331372261770196,0.7329607148875927,0.7620266985579038,0.72099733,2017
462,2017,0.6424440231958356,0.5284583036633654,0.5284336210140373,0.613860159799258,0.5877985,2017
463,2017,1.418457200080109,1.2581275248573358,1.2575740183882957,1.021962252867668,1.0060664,2017
464,2017,0.9777315526319398,0.7459970001722824,0.7460394988441612,0.8858011547396832,0.77923363,2017
465,2017,0.9025943983960376,0.7532324899057979,0.7532179387353884,0.7264458478508872,0.68518853,2017
466,2017,0.5699704053657214,0.46467603685275133,0.46530153777484234,0.5725071795201012,0.6099057,2017
467,2017,0.9085743723647304,1.0619666885914427,1.0627914957581175,1.015305473062147,1.0178139,2017
468,2017,0.946509760844869,0.9018832860974016,0.9022926685253223,0.9744930466861372,0.785264,2017
472,2017,0.5145637727692652,0.814556977304247,0.8153599772170027,0.784159313063345,0.7023581,2017
474,2017,0.6289563403413428,0.877861285068668,0.8792744627217944,1.3738380037927187,1.2574856,2017
475,2017,0.9889784585914324,0.9937856473382964,0.9942405357189839,1.3394416123848218,1.4819748,2017
476,2017,0.9730268815657468,0.8551744379181263,0.8557165528129732,0.9313372552910336,0.92104214,2017
480,2017,0.6078694278336876,0.719269683709087,0.7195583214668,0.7325652653932103,0.644098,2017
483,2017,0.9809945670544642,0.9074832493618038,0.9078604706017134,1.024115576449126,1.0431828,2017
486,2017,0.93999844367749,1.0581631840797725,1.058327135275273,0.976965064925757,0.88392,2017
490,2017,1.0226957278373447,1.249547881042754,1.2492870035431853,1.311063034183183,1.1260809,2017
491,2017,1.5294856532199363,0.9750055319088526,0.9761994504122942,0.9791486632945049,0.8479501,2017
499,2017,1.0727568546339417,1.267780976117554,1.267629491943226,1.1838893739327676,1.2907797,2017
676,2017,0.6794530089303735,0.6099208369189943,0.6105070949714982,0.5921661278273668,0.63800997,2017
677,2017,0.795323820953081,0.8148924826832414,0.8157972160494541,0.9051146438227895,0.9883471,2017
678,2017,0.4189734887429286,0.4442994365931004,0.44490022224502884,0.4501460394233815,0.42965463,2017
681,2017,0.3909062844015602,0.3522518139613403,0.3514945539826037,0.41737671321881215,0.44359648,2017
682,2017,0.588351206570161,0.6814496009573617,0.681372313860903,0.5891427093801322,0.5216711,2017
684,2017,1.778289936184784,1.2318426191981924,1.231109888565102,1.3698649271592267,1.413325,2017
685,2017,0.646029215919224,0.5779620279985341,0.5783956679133925,0.5855782257514712,0.6562833,2017
687,2017,0.5868688959731062,0.6658960102022493,0.6653534520872365,0.5668976554541012,0.65674,2017
690,2017,0.9664463410881948,1.00249745428269,1.0033294292596955,1.0877502021116336,1.1816789,2017
695,2017,0.5618919455232112,0.4941875127705255,0.4944906307931125,0.47253205382392877,0.48778707,2017
707,2017,0.5004656124994773,0.5969832008171665,0.5977460229739155,0.5851925305036967,0.5588306,2017
709,2017,0.9079981317855907,0.9031454275357655,0.9030053089459034,0.8973662186852528,0.99439067,2017
710,2017,0.7129965840234518,0.6622869100872409,0.6623740691317948,0.6712320406582968,0.55796784,2017
714,2017,0.6062610970433266,0.5161309832249714,0.5164614745426915,0.4648391832169032,0.4512102,2017
715,2017,0.8914075816664578,0.6149855982735712,0.615197170356085,0.5738385000940873,0.6214482,2017
718,2017,1.1718823891492518,0.8172501527171211,0.8178129562225015,0.8733820885386282,0.9021584,2017
721,2017,0.6197984576574572,0.7621881093340284,0.7619164974402161,0.7851529708789465,0.95439094,2017
734,2017,0.8353056013003824,0.7460596783918649,0.7458261532953615,0.7262702107543322,0.67605996,2017
736,2017,0.869024954812414,0.9555730423017519,0.9560745866583509,0.9647750028968453,0.95257944,2017
739,2017,0.7434828923887823,0.7894399722604931,0.7897264385205365,0.8242348360193531,0.83812124,2017
741,2017,0.4936285908963655,0.542999881845734,0.5433171659912106,0.557832385048487,0.5104859,2017
743,2017,0.763617598100162,0.7630088535443376,0.7637906310362199,0.8225501383935707,0.80242556,2017
744,2017,0.8943540538049466,0.7291572384005318,0.7290894557968377,0.6893841741878712,0.66571796,2017
746,2017,0.4775486317652316,0.44493272701304315,0.4454025388661813,0.4503666170277027,0.39771113,2017
748,2017,0.5041041420227284,0.3709571280195177,0.37095322027371846,0.4189851953670196,0.4458836,2017
751,2017,0.7149057133829091,0.8019314288391028,0.8033718598561661,0.9332387675713693,0.99308705,2017
752,2017,1.246670477251025,1.257277302704923,1.2563908637397012,1.3734682451836877,1.5844026,2017
753,2017,0.8336421174447417,1.0075675037502623,1.0075923250672,1.1088181409697033,1.2322716,2017
755,2017,0.5843526683437771,0.6679525021317833,0.6679613479777582,0.6666705380750648,0.5748389,2017
756,2017,0.7176895403827458,0.6942841375344405,0.6946258331692092,0.6592310290151314,0.65132904,2017
758,2017,0.7479577170783684,1.1085880748175407,1.1080947814765627,1.269114573476714,1.2325984,2017
761,2017,0.9899816514158664,0.8145953573934577,0.8145992572010632,0.8502763675847635,0.9018305,2017
774,2017,0.8668641216350572,0.9827271527065154,0.9830496122850937,1.0338393512683057,1.014239,2017
779,2017,0.793370249635678,0.8613216889641331,0.8619815786287766,0.9236543136736356,0.98399276,2017
783,2017,0.610508196822954,0.6946388822525844,0.6949163191354483,0.6927855022195013,0.58913046,2017
785,2017,0.6536964624505782,0.6915352980523425,0.6917315639784387,0.7159964493991512,0.6724562,2017
786,2017,0.6384768596619442,0.7854384585619539,0.7861961002892522,0.771138190634855,0.71888965,2017
788,2017,0.5784345743347573,0.6642680269569163,0.664556173017,0.7033345734618909,0.6250442,2017
789,2017,0.5649429603412658,0.599078450863042,0.5991052357360326,0.5547879300617419,0.6117731,2017
791,2017,1.0789909026810451,1.2884694703574355,1.2885974004060383,1.4121041050928718,1.2951418,2017
792,2017,0.5062351834968661,0.4817844965231746,0.48148554870080934,0.4962181391618186,0.6775819,2017
793,2017,0.6556844597195257,0.7469102543617027,0.7470669350249047,0.7323497658223387,0.7300589,2017
794,2017,0.7427133208355291,0.6168918177322003,0.6172761816079942,0.5860699311611947,0.59180564,2017
796,2017,0.5711034774586727,0.5961933479578128,0.5968364426491196,0.5591974961192537,0.6432481,2017
798,2017,0.7630395688630187,0.9652697057352659,0.9652840743484344,1.0222036421682386,0.951412,2017
801,2017,0.5518167274439939,0.5267973676791275,0.5273596933044316,0.4996739483661516,0.4678973,2017
805,2017,0.6288407926874269,0.6986084772072293,0.6986016136511856,0.6992755916591783,0.73791444,2017
806,2017,0.7594388809539314,0.7981680669710256,0.799201630764363,0.7485882710292429,0.7320059,2017
807,2017,0.8911683974096054,1.063090127797532,1.062007110815225,1.0899442233745027,1.1072685,2017
809,2017,0.4825271420397249,0.5893347089978773,0.5897581735560833,0.5759982274078461,0.56504685,2017
812,2017,0.7383174698253484,0.9495226705954831,0.9498297845213726,1.0793016182812272,0.97988296,2017
815,2017,0.6124321646543255,0.680984189008223,0.6805746191077311,0.6020519119047621,0.7567919,2017
819,2017,0.4418811974480555,0.3750734326711038,0.37453908157974,0.46728179043216367,0.52115154,2017
820,2017,0.6624903407923334,0.8424017214407037,0.8429086822635872,0.8358190185231994,0.878374,2017
822,2017,0.4621890008949679,0.5090216168787742,0.5096898955749996,0.6031261629991561,0.59575295,2017
826,2017,0.6055502836040374,0.8760627581994738,0.8769828471976101,0.9192878291878357,1.0047241,2017
827,2017,0.4858651388009895,0.661304576070029,0.6611364557379767,0.664842822086578,0.7742511,2017
836,2017,0.5903850498154137,0.6562823007569359,0.6568371868349903,0.7065906743279212,0.6361193,2017
837,2017,0.4621702137071049,0.5394627165028663,0.5395559245065001,0.6700440483866812,0.776421,2017
840,2017,1.2435930394778807,0.8780993175132864,0.8773196992364402,0.821427903347271,0.9093426,2017
841,2017,0.732233347924384,0.8178314581744438,0.8180433457841171,0.8316832333882211,0.8067039,2017
842,2017,0.6223528964386198,0.7488995745393549,0.7491486907869207,0.6814275153049727,0.6078822,2017
843,2017,1.9298194654981569,0.9667704502141906,0.9668203834101061,0.9389585935141094,0.8359215,2017
845,2017,0.6720168453571429,0.9718516683268369,0.9714458141118649,1.0135422745575413,0.8728901,2017
846,2017,1.1199918284343533,0.8958590494910663,0.896739252408474,0.9614129266637993,0.8337361,2017
847,2017,1.2956354482932897,0.803362102447711,0.803913728846974,0.7639163093149196,0.6786898,2017
848,2017,0.3537019267587717,0.370117145003859,0.3704562024591891,0.43555522228395127,0.47536948,2017
850,2017,0.7503132046768091,0.788166937229642,0.7883108376837636,0.7827238659940511,0.69065624,2017
851,2017,0.9425566169207196,0.6757137850444415,0.6760776261758703,0.679564346063518,0.7131194,2017
853,2017,1.1909403402375176,1.042327306466575,1.0423610515952295,0.9910179973437967,0.9383435,2017
854,2017,0.6516407906749283,0.46592744801431374,0.46658220955469054,0.5782513716424766,0.60713565,2017
855,2017,0.6921961881658856,0.7289848415780085,0.7290808991261865,0.6797729386254797,0.7074733,2017
857,2017,0.9651641675711732,0.7868738416736677,0.7866322868461582,0.7475719793056054,0.7727415,2017
858,2017,1.460949480699585,0.7324580612703231,0.7327145972905552,0.7523154077984756,0.76120013,2017
859,2017,0.5965374980743139,0.5537078706458116,0.5549977048025647,0.6065817012619404,0.5898138,2017
861,2017,0.8113289082115482,0.9466057625662506,0.9468983279023768,0.9631948961313204,0.9466809,2017
864,2017,0.6792044552688736,1.0344664775416843,1.0349263352054414,1.029920897523843,0.9353497,2017
865,2017,0.6738122687228603,0.8849971272297824,0.8863100135519234,0.9177364660572912,0.7599173,2017
866,2017,0.5412183957938419,0.6020841611198315,0.6024942439238365,0.6789943318687198,0.8178918,2017
871,2017,0.7370603467477127,0.7902495568708541,0.7902722731876608,0.8249892471459734,0.854304,2017
873,2017,0.4576754212430575,0.7048441614911382,0.7054331248841972,0.7375239417069496,0.76715004,2017
874,2017,0.9109677129525086,0.8748005837908271,0.8754696429360952,0.9200104023947239,0.90973544,2017
877,2017,0.8732373229690535,0.9571735286503118,0.9572548251455975,1.0042887059906298,0.7839934,2017
880,2017,0.3877747100333308,0.3128434515799833,0.31281593307425415,0.4113235745535818,0.39762965,2017
882,2017,0.7564517295086807,0.8024782498113245,0.8022483359702409,0.7696708260355758,0.86249816,2017
883,2017,0.7475271185643817,1.1977928443921566,1.1975929738429334,1.2393742776861956,1.2322533,2017
884,2017,0.7982235617229348,0.908911554498821,0.9094420538357606,0.9062935137253921,0.88440126,2017
886,2017,1.293529465325694,1.6379169693567193,1.6359914718548114,1.548064429319542,1.6403134,2017
888,2017,0.4415620440854337,0.41941001715143994,0.4191494757595608,0.4135626194397361,0.38771397,2017
890,2017,0.5865185025706268,0.5623669897793976,0.5627387441311416,0.5060980135598351,0.5245632,2017
891,2017,1.1041821911244711,1.1915087411305185,1.1910429898867485,1.287788546381607,1.1330897,2017
892,2017,0.8148967377907185,0.8798238787805568,0.8801351238198735,0.8607024856815101,0.83451694,2017
893,2017,0.7541045534902173,0.8531202765069298,0.8528720257551197,0.8578490088202673,0.9827374,2017
895,2017,0.6517197445403226,0.8435430359736801,0.8437164899285512,0.774600236209187,0.74822706,2017
898,2017,0.5850473250301831,0.6232161423172002,0.6236169798689175,0.5766065782672616,0.5691877,2017
902,2017,1.0763745201254231,0.9073737525862661,0.90755756555298,0.9441885790502892,1.0377592,2017
903,2017,0.4427534372994871,0.46536395169344735,0.4652948009570817,0.42663205748004573,0.48495394,2017
908,2017,0.8178117132083185,0.7403423317277684,0.740232098473154,0.6975748181333089,0.69040984,2017
909,2017,0.4609939162765423,0.5152463205216755,0.5150740536865108,0.45420561971780465,0.457555,2017
910,2017,0.5003551725342016,0.7182002731879228,0.7185931873208145,0.698738659525904,0.64351845,2017
913,2017,0.7983428477947164,0.6467326723696409,0.6473293246625922,0.6337350919054853,0.6061003,2017
921,2017,0.7490395613302048,0.8460772059129242,0.8463265896564611,0.8324766368930615,0.78714675,2017
932,2017,0.6578679307617749,0.6830444599939416,0.6834570489653905,0.5889301048695229,0.61279285,2017
0,2018,0.3617546065297262,0.5000160595110211,0.4982759640506964,0.3999662735558839,0.46481872,2018
44,2018,0.975188477778959,1.0061741990812574,1.0060315578762962,1.0134361776604495,1.0116658,2018
55,2018,1.4709581877008366,0.8619909433074467,0.8626080477088073,0.7980969023779361,0.7393025,2018
86,2018,1.089675481666783,0.9005924543221366,0.9001847281705642,0.7992465880612468,0.84278107,2018
94,2018,1.228276061666767,1.1242475206433333,1.1234214191372767,1.0350329266547755,1.1364415,2018
96,2018,0.3542987238688906,0.577238148513044,0.576694773394596,0.5596532932718484,0.54209405,2018
126,2018,1.1450131449968204,1.1188815768857676,1.1179676383848531,1.00498769715379,1.1099448,2018
135,2018,0.4919248290903272,0.43976434258610775,0.43903049459913446,0.442039828648797,0.41877666,2018
149,2018,0.6152126597607052,0.6869506014938339,0.6878795852921662,0.6315938458018792,0.6720743,2018
155,2018,0.9559099367820666,0.8516090522811162,0.8516662755090275,0.7803200682924653,0.7560011,2018
158,2018,0.4264535551194591,0.5854349166256643,0.5855261525306726,0.4755556448228076,0.4831774,2018
168,2018,0.6750497178499572,0.7319371053770167,0.7322132691069474,0.6829385486641214,0.7129129,2018
171,2018,0.4044561296585121,0.5416767250533081,0.5414149139644895,0.4817406636869581,0.44811726,2018
182,2018,1.1913788257665965,1.2055243909579132,1.20530472717067,1.3915166070049991,1.385188,2018
192,2018,0.8423063216359699,0.9151088601497568,0.9158834858724854,0.8490186243311642,0.8774691,2018
202,2018,0.6930546692662376,0.6959230085418207,0.6962109860861998,0.6488971923625979,0.6172334,2018
203,2018,0.5595806533049131,0.4574397661127728,0.45640627712568366,0.416354961727481,0.48618454,2018
204,2018,0.8970855304170753,0.7610626816332428,0.7613885264925104,0.6850380170923254,0.7044512,2018
211,2018,0.8658097228457674,0.8380855089054586,0.8377027473225523,0.7690734288480987,0.81468195,2018
217,2018,0.756772614087634,0.7826838740342619,0.7825560906644697,0.66250276831758,0.69443864,2018
241,2018,0.9691240639937988,0.8458916156441728,0.8466602110486694,0.8112849711239769,0.85021216,2018
248,2018,0.415915535822951,0.48033945325881,0.4794612376021593,0.4402947225669227,0.46372265,2018
251,2018,0.4445704010837524,0.5186332961369564,0.5187204625719489,0.5311381347708811,0.53078264,2018
253,2018,0.5973069300126898,0.5890006667060785,0.588992031093621,0.5075365659147132,0.54376996,2018
254,2018,0.6997065964376165,0.6911672715977593,0.6907621712579928,0.605928235968244,0.5862336,2018
256,2018,0.5615820963097441,0.529360894692103,0.5286959077395665,0.49989819625115633,0.49640965,2018
257,2018,0.950204201238914,1.0080743423305838,1.0077049838025924,0.95708168715114,0.9978026,2018
262,2018,1.3600228911960508,0.8869112092087406,0.887018887294076,0.8725084106531682,0.7884626,2018
265,2018,1.525198459362708,1.0208378547696175,1.0211359370283186,1.0037445415832331,1.0803802,2018
271,2018,0.8291656056812345,0.9240331132376847,0.9237663494754067,0.873615270164228,0.8500577,2018
273,2018,0.4821186036463712,0.772667527335126,0.7737927316161315,0.7518073174321365,0.70509297,2018
282,2018,1.290054153928856,1.3758363272194276,1.3743514152751588,1.4778549850849343,1.5196571,2018
301,2018,0.3733686876840578,0.31198294237624935,0.3107877464424701,0.38426745335907,0.35210523,2018
303,2018,0.4796633085746572,0.5807367707447383,0.5807438043617066,0.5629944790630526,0.5954716,2018
307,2018,0.4031056355386259,0.49498637277432783,0.49458646213337254,0.42650439801790685,0.44434562,2018
315,2018,0.4401599057080486,0.46392162394848396,0.4627188305665108,0.4106883150164826,0.4488829,2018
317,2018,0.4913002723945707,0.48208852399230184,0.48227372797326834,0.545480626885021,0.6165604,2018
324,2018,1.0485774293705268,0.7806692648009996,0.7817954739401242,0.7304221776788539,0.74868894,2018
339,2018,0.6649892881885597,0.7537797791195929,0.7540514783543791,0.7355069804509781,0.71950966,2018
343,2018,1.074265687235089,0.9096129766360368,0.910154629454114,0.8752121737137212,0.93351746,2018
347,2018,0.6054626219717819,0.678728603395126,0.678394366002609,0.6163064515716734,0.56955135,2018
351,2018,1.3661301818759966,0.9164778957151143,0.9159996381682551,0.8602882660101517,0.7354257,2018
357,2018,0.5584985394189977,0.7601117114516015,0.7607705216429008,0.7777503279319892,0.81394994,2018
358,2018,0.6364558434466375,0.5330715175069182,0.5334236435200974,0.5326637285648198,0.5037262,2018
362,2018,1.1066331456697822,1.5697019030441344,1.5683764418496366,1.6940684758918194,1.8831023,2018
366,2018,0.5680732405664995,0.5402523814430804,0.5402691785813388,0.5250771796089809,0.5229051,2018
367,2018,0.8262199977701533,0.8335527583358494,0.8335739310047845,0.7867870048219353,0.7680703,2018
381,2018,1.4404668144877892,1.5681905117336332,1.566007560856772,1.474702076444848,1.3768997,2018
383,2018,0.6868173723421614,0.8954282846231048,0.8961545882320158,0.9136037451209542,0.9124679,2018
400,2018,0.4929109492573823,0.4356794110222822,0.4360535249623037,0.5356687250714278,0.56695366,2018
401,2018,0.4359126956423698,0.5677169796040209,0.5678242225787518,0.6185384128598547,0.59035647,2018
402,2018,0.561467312154817,0.7488468404473025,0.7492808890956969,0.7723369326388267,0.78998774,2018
404,2018,0.6971114200572859,0.565407575510577,0.5658322595344567,0.5768177020941087,0.58699065,2018
405,2018,0.5313445941573713,0.45793607618330423,0.45866802584534855,0.5130023684553813,0.5149704,2018
406,2018,0.5227668688512006,0.4469562567049617,0.4469129842531433,0.512739341368543,0.4737135,2018
408,2018,1.1093007900534568,0.8849025343471529,0.8854619176539646,0.9259769388411837,0.89198804,2018
409,2018,1.4816635751732203,1.2181968317832017,1.2171720367813386,1.0907223317543426,1.0257368,2018
410,2018,0.5949292155832268,0.6115687108840391,0.6120962119382296,0.5979447303491644,0.552103,2018
411,2018,1.1897745315837391,0.6775911956741252,0.6784910544952594,0.7157131186080825,0.7331081,2018
414,2018,1.5591362333265195,1.2402114197498186,1.2395499393364742,1.4077522158770528,1.4593934,2018
418,2018,0.842433446228808,0.6919208666599299,0.691704410699924,0.7450302891421117,0.83481234,2018
419,2018,0.6783850290566553,0.5814467476976064,0.5824419701661487,0.5953442273741423,0.6770913,2018
420,2018,1.6747372428537215,0.9412940263383269,0.9412371090005616,0.8992148368225388,0.7935155,2018
425,2018,0.8540498485834679,0.8466146076240093,0.8459554310182529,0.8495216796617291,0.859098,2018
426,2018,0.5804160353797541,0.4950109509388194,0.4960678733794834,0.5641274899301465,0.56119525,2018
431,2018,0.869941664026729,0.7956026300032436,0.796483872723635,0.9656517180544552,1.2095768,2018
434,2018,0.4265648597939746,0.46455051187040575,0.46551568657341863,0.5028021471332069,0.44562006,2018
446,2018,0.8624451518927816,0.8070988979777404,0.8088685685232518,0.9244898614999598,0.7999253,2018
452,2018,1.1248076868256645,1.389024026629619,1.3888993048446756,1.320312724447081,1.4778728,2018
455,2018,0.6862920154776384,0.728117017743835,0.7280634824386406,0.7493026939675552,0.7691593,2018
456,2018,0.6138122259147614,0.6958619799779254,0.6956295850363376,0.7002637106535557,0.71627504,2018
458,2018,0.3206293579418175,0.36920425169031035,0.36902015305765157,0.48806465523413844,0.3957651,2018
460,2018,0.9552310988756844,0.8507126433715172,0.8508681266530986,0.8739166025381129,0.863221,2018
461,2018,0.751171507130612,0.9431077550094049,0.9422459664302124,0.9195337119436777,0.9267909,2018
464,2018,0.7068634382226332,0.8244773827921569,0.8240749540692185,0.9012020890200032,0.86843085,2018
466,2018,0.4749637033139663,0.4496523172409667,0.45027717508078274,0.5323399546721373,0.46523163,2018
467,2018,0.6576056434069188,0.8130330777866053,0.813426425419537,0.8233406348215165,0.6920905,2018
468,2018,0.9336684636445554,0.8115901219344073,0.8123977355453323,0.8658336628001617,0.864256,2018
472,2018,0.6429370131682186,0.5037027052997449,0.5040111397771176,0.6214767193511063,0.6183156,2018
473,2018,0.7237859507550957,0.8324647608825287,0.832727245092418,0.9468475345644303,0.8393717,2018
474,2018,1.1274634088755973,0.6929180447240239,0.6930083977989858,0.7122772608342901,0.7900448,2018
475,2018,0.9845537689046054,0.9046379051589153,0.9043674221148624,0.8771679080140158,0.785419,2018
476,2018,0.9151929009736008,0.9366153761622951,0.9361622981407474,0.8977134459588424,0.8985225,2018
480,2018,0.7614632073268264,0.5676110917533872,0.568452339956677,0.6020985776205892,0.5479963,2018
482,2018,0.5418472402209722,0.5823089627524016,0.5840939802673966,0.619006466182303,0.6090158,2018
483,2018,0.9935874479129994,0.9147254668040444,0.9150723979380835,0.9425516226082788,0.8994407,2018
484,2018,1.192418449238192,0.7830387980469613,0.7826300409366184,0.7883690055886706,0.95502996,2018
486,2018,1.0670787831089257,0.8747925839483757,0.8758241309852641,0.8899292810463251,0.8561227,2018
490,2018,1.3229513364679542,0.9316039973805228,0.9318918988385749,0.9249864603852059,0.73663247,2018
495,2018,0.6118885436877011,0.7179142212237976,0.7182449492993372,0.7498961624883242,0.7996564,2018
497,2018,0.8708955235593355,0.7376231595075868,0.7384783973742883,0.7776967906937464,0.85015094,2018
499,2018,2.045593418834096,0.9154102518367807,0.9158350084673239,0.9805943963522604,1.0858383,2018
503,2018,0.4771732698265156,0.4598780731807408,0.46057101626703906,0.5445715908090458,0.52430063,2018
512,2018,0.3717807102426081,0.4859494535020015,0.48560515128591425,0.5588035754260581,0.60907966,2018
513,2018,0.660709234019464,0.6890281041400129,0.6886565182301247,0.6988165057347138,0.9255396,2018
514,2018,0.3823462312850141,0.3016241433810468,0.30137045542686736,0.452753975456953,0.3749577,2018
515,2018,2.658517096848315,1.5754900192751848,1.5732522546260816,1.557718232884668,1.2243713,2018
516,2018,0.9422543046465576,0.8869111536881404,0.8866650867319553,1.3097123334684106,1.1265652,2018
517,2018,0.4068332690677315,0.4876430885341585,0.487697919168033,0.5268919718666543,0.4123967,2018
518,2018,1.4448198259966778,0.8572118780890902,0.8563930379022733,1.0498288994283647,1.3288777,2018
519,2018,0.7791693206558636,0.7090002282845942,0.7098561053713586,0.8004583857882064,0.71223813,2018
520,2018,0.544125311049626,0.5628961179129462,0.5630409070132707,0.6040021695110623,0.50829816,2018
521,2018,0.7951558831725285,1.0045289135982085,1.004206336755533,0.9210796579373863,0.88257796,2018
528,2018,0.5735701376325638,0.6690219621825902,0.6692243777352949,0.7443751299767116,0.71123844,2018
529,2018,1.0637731395934158,0.9164735515173699,0.9161486568448391,0.9041943718639294,1.033909,2018
535,2018,0.619776408089797,0.5758878465754738,0.5761721019360364,0.6515098945243594,0.5492107,2018
539,2018,1.1133247526896788,1.0830990047819842,1.0827394405764614,1.0497411658890714,1.0334641,2018
540,2018,0.9601659075143296,0.7166636233940453,0.7160276148843406,0.7549848726272892,0.7593716,2018
542,2018,0.6115144626757514,0.45865722787165336,0.4594337318080459,0.5463980103862042,0.5843487,2018
543,2018,0.5127175427187786,0.6552164630614296,0.6554961808045041,0.6779471044404504,0.73392683,2018
545,2018,0.9143966794576924,1.0599373196509512,1.060032724465569,1.1083026409049082,0.98763126,2018
549,2018,1.3602055956287027,0.9257865618101805,0.9259629503193674,0.9081375263706195,0.877883,2018
551,2018,0.8614396946871957,0.934466687872404,0.9349078027245131,0.9070432197830793,0.7317668,2018
553,2018,0.9848901684586944,0.8770013552807028,0.8771158533240547,0.9378186905762579,0.82538944,2018
676,2018,0.5143996783903597,0.6012119098460449,0.6016632283837695,0.5894497007954188,0.49551857,2018
678,2018,0.3998970779751104,0.3938929238751057,0.39333279956084516,0.4189988114875526,0.42197192,2018
681,2018,0.3832267541825563,0.3171518865973264,0.31693667403248926,0.3953128255227481,0.36165828,2018
682,2018,0.622666758229651,0.7011741427077183,0.701152038472566,0.6425318335433837,0.71632236,2018
683,2018,0.77853247205108,0.7328054568782458,0.7336318192489064,0.7476372560479684,0.67426217,2018
684,2018,2.016734238727073,1.4604526365843762,1.4582520846950304,1.5006442178071866,1.4818581,2018
685,2018,0.9502252030724442,0.7469055548490448,0.7467495416648288,0.7453427496015379,0.8523364,2018
686,2018,1.0637172404921087,0.7496395129476943,0.7496481100548215,0.7053750201966447,0.71297103,2018
687,2018,0.8266352928625238,0.6837130016434757,0.6835079832936541,0.6472311210965678,0.6995351,2018
690,2018,1.1812131915580866,0.9932373233726199,0.9926436147361275,0.9065611608926017,0.81344694,2018
695,2018,0.4769639092221505,0.6073921271306008,0.6073295041987773,0.5823699922509505,0.54315114,2018
707,2018,0.5799511908156494,0.5417868795669769,0.541865249364797,0.579981234668459,0.6139026,2018
709,2018,0.8665728535109993,0.8766988373090859,0.8771853504861918,0.8527361831813591,0.88317734,2018
710,2018,0.6766334843667341,0.7423888818113735,0.7429460479025626,0.7640663473743764,0.72291464,2018
714,2018,0.4830461685523413,0.5588342230932227,0.5594783710816118,0.5586344552736268,0.57356936,2018
715,2018,0.5656407942233541,0.8882575223832133,0.8882925025776341,0.8196506885196623,0.87766767,2018
718,2018,1.2647891152326352,1.0816557334615982,1.0819282321623807,0.9772797715460159,1.0149478,2018
735,2018,0.6540269877392698,0.7426412636777331,0.7430421716405423,0.754050892875636,0.7010305,2018
736,2018,1.43598047498361,0.8141259903677702,0.814392420629887,0.7908858678154199,0.7651119,2018
737,2018,1.1119629512542506,1.5747446298387007,1.5724089590705272,1.5853645686983227,1.9085208,2018
739,2018,0.5428164394973817,0.7547557065052004,0.754664313981078,0.7756458950463242,0.8946836,2018
741,2018,0.4441412724892069,0.4704780060345002,0.4713918192963047,0.5065969353441147,0.51919943,2018
743,2018,1.0142316037017218,0.8129371426886629,0.8132536272599978,0.8245386574102326,0.8639354,2018
744,2018,1.0868506048312845,0.833314062859043,0.8341681175462455,0.8074020718288584,0.897581,2018
746,2018,0.4613820550984374,0.43737206874427503,0.43683849842879113,0.44577890202439,0.3898484,2018
748,2018,0.5075934708317621,0.5500289984115652,0.5498313552371659,0.5422868811827608,0.56976473,2018
751,2018,0.6001111605297265,0.779561604852447,0.7802128638452163,0.8681978602235678,0.85386765,2018
752,2018,2.232680061880282,1.063152486392511,1.063952990794693,1.0320835554449737,1.2274438,2018
753,2018,0.9945462053628032,0.7686928395576812,0.7697699818085486,0.8179161114455832,0.7673579,2018
754,2018,1.10324675188089,1.0667911380303619,1.066218621986052,1.179179168654406,1.3339213,2018
755,2018,0.6771717693955452,0.6131394092749788,0.6133819996325531,0.6143910557482306,0.6262035,2018
758,2018,0.9444503842371152,0.8239805442960925,0.8243932346496644,0.9139433742565818,1.0148432,2018
779,2018,1.0062230126220777,0.8337909197524873,0.8346134148972393,0.8126902899721886,0.90634364,2018
783,2018,0.4931341344976329,0.6829568301320553,0.6829850739367915,0.6546827428846127,0.6199625,2018
785,2018,0.7517753756315024,0.6192463382768782,0.6197173257084395,0.6631677180946631,0.6085206,2018
786,2018,0.8159977796139224,0.6823397950802592,0.6822536361582338,0.641249216445117,0.6589722,2018
788,2018,0.5521889475985006,0.6614339141460002,0.6614109726595483,0.6671121659395525,0.61631906,2018
789,2018,0.615479881251212,0.5467839609358269,0.5465977408551949,0.5598127574742151,0.59112865,2018
792,2018,0.5218377861769081,0.5694571202120731,0.5692467693738638,0.5940636764855319,0.6054848,2018
793,2018,0.6791757021106277,0.6842932550365818,0.6847499570640003,0.6248112535872731,0.6407342,2018
794,2018,0.71877969807917,0.7842319282742017,0.7841134817515335,0.7647327836974385,0.6451772,2018
795,2018,0.5254500615698684,0.44089580383865984,0.440656585799629,0.44747393408316893,0.44582456,2018
796,2018,0.5962283761251306,0.6133616437417599,0.6138085995535858,0.6136888295017754,0.5733761,2018
801,2018,0.6545072960766802,0.6302414013204207,0.6303443617799372,0.6085203041781662,0.63353175,2018
806,2018,0.6102918426681823,0.6293657352066894,0.6303883510646935,0.6686398156180655,0.6752446,2018
809,2018,0.6167904321050356,0.5579935484892916,0.5578530635517032,0.5188049489395503,0.49956816,2018
812,2018,0.9816635132171871,0.8332533598568368,0.8341440544930898,0.8758780551473004,0.96636266,2018
815,2018,0.6215012037247346,0.6025331809698669,0.6035584975132988,0.6047256533706947,0.61869967,2018
819,2018,0.3633408198131232,0.41448582693117236,0.41412770841130664,0.43966967613305713,0.45668578,2018
820,2018,0.7143406838809825,0.7432735590530422,0.7437752616670577,0.7233662744981347,0.70208484,2018
821,2018,0.7472100495780473,1.0007593062702658,1.0005009149948823,0.9449695616129015,1.0545024,2018
822,2018,0.453395287540741,0.4028137540277063,0.4024244667040252,0.4309605818300229,0.41536283,2018
826,2018,0.8376122646818935,0.6043130847255981,0.6052298344173663,0.6118265711161518,0.58380765,2018
827,2018,0.5508694825451207,0.5294275514404385,0.5296545106844399,0.5463945991631689,0.6470499,2018
837,2018,0.4151118999631129,0.36667464783868586,0.365995794010339,0.4421193755100968,0.3989631,2018
840,2018,1.3215405297168206,1.1148064429221418,1.1137704407726687,0.9922057917274949,1.1304568,2018
841,2018,1.283492751338558,0.7429074959942376,0.7438169132415711,0.8382226224875535,0.8709485,2018
842,2018,0.7720941740338093,0.5906849878463964,0.5904798549676914,0.5845005344455279,0.5026468,2018
846,2018,1.1104717489102556,1.0333793453660376,1.0326160743705783,0.9294925921550502,0.87622154,2018
847,2018,1.7589455871357849,1.0380381569988206,1.0379198114684796,0.9598234761809552,0.94792926,2018
848,2018,0.3314118090939832,0.2780056042355975,0.27685169801955745,0.39551723268317307,0.39016023,2018
850,2018,0.6232802645793069,0.7751243835853863,0.7750783186304523,0.7741141788694067,0.8192605,2018
851,2018,0.5734149415214319,0.8439959459111257,0.8438588265393082,0.8641331516139593,0.8895567,2018
855,2018,0.6388292793010981,0.6767342872719028,0.6772949327124499,0.7672222260535504,0.7788209,2018
857,2018,1.0583706353532116,0.8757936790012453,0.8759927499490618,0.8664726300626768,0.8100922,2018
858,2018,0.9553231057791816,1.1884885628158797,1.1877738881822977,1.2504521818915995,1.1629409,2018
859,2018,0.5889276327987171,0.5831413755712679,0.5828614905336089,0.5998628561075744,0.5581911,2018
861,2018,0.9296630748639392,0.8062061288207348,0.8071659695398554,0.8110082229775235,0.7946153,2018
865,2018,0.6508597008398285,0.6975538754918198,0.697806679759747,0.6767004171021437,0.67511326,2018
866,2018,0.5541484686999333,0.5204498738037879,0.5207181493463573,0.5314379654036628,0.5371749,2018
871,2018,0.8395002563247809,0.7470555585935083,0.7480075848418763,0.867380304449703,0.99370307,2018
873,2018,0.7515752160708943,0.5060265038149154,0.506509815657975,0.4957282743390828,0.4682694,2018
874,2018,1.4192409046690373,0.8775521351199156,0.8779824180046597,0.8373508333945653,0.87062,2018
877,2018,0.6666675921551212,0.7532426258905086,0.7542082877059277,0.8291487455806816,0.7558865,2018
882,2018,1.3948442617584185,0.797553142392043,0.7973261949197288,0.8153075074513003,0.83921194,2018
883,2018,1.1149002000558217,0.8725549614056524,0.8731695664768429,0.9078815455674664,1.0931383,2018
884,2018,1.0569320151273591,0.7687039805968395,0.7689209791084909,0.7150446563189838,0.6690828,2018
886,2018,1.07716440539981,1.1999088294451523,1.1993066668962613,1.2329582548610194,1.330121,2018
888,2018,0.4709901202585087,0.3895360591892797,0.38982572182953473,0.42517596516241785,0.42209524,2018
891,2018,0.5612861298790075,1.018220385023822,1.017599085004983,0.96991668525611,0.95840925,2018
892,2018,0.978973288381884,0.8683319510848777,0.8686065051595947,0.8395990617656871,0.90697014,2018
893,2018,0.6403623635073648,0.8095014695450666,0.8097621928875653,0.8490291043707601,0.8064759,2018
894,2018,0.4459420243386771,0.46122076514456894,0.4611120462532921,0.45030984663437823,0.45338562,2018
895,2018,0.6332094010898253,0.6907499487650675,0.6910197213607383,0.6735120130336099,0.6325458,2018
898,2018,0.5251596261533436,0.6476115787920693,0.647678293941525,0.6014779692545443,0.5768851,2018
908,2018,0.575542607068071,0.8181780125421281,0.8184489262952087,0.8201966700402795,0.8120564,2018
909,2018,0.4485881409978322,0.528726295609309,0.529370343839666,0.49918438385733044,0.45263946,2018
910,2018,0.5599439318085975,0.5950103786160995,0.5954851102293705,0.5778111750547457,0.60258365,2018
921,2018,0.6269058249435574,0.83772473394613,0.836934529168221,0.7989017330761287,0.8840095,2018
932,2018,0.6692253976373062,0.6924527607217145,0.6934224072378825,0.650431799743681,0.6052129,2018
